timestamp,altitude_m,speed_mps,heading_deg,battery_pct,phase,is_anomaly,anomaly_type
0.0,0.15235853987721568,0.15462312087024324,88.67745886670832,99.9920587435306,takeoff,False,none
1.0,0.37888435137413423,0.0,89.51380586930095,99.96328223985873,takeoff,False,none
2.0,2.1729784068919926,0.6519970864306863,90.42022670947459,99.68869728515821,takeoff,False,none
3.0,3.166911571678753,0.21621812109139601,89.8976032933889,99.54244417092073,takeoff,False,none
4.0,2.6199880236506097,0.3483412577659585,89.34943637959441,99.51763608310998,takeoff,False,none
5.0,3.8432922690407514,0.8364967866121459,89.32578753827549,98.98977340914483,takeoff,False,none
6.0,5.457178628549935,1.0378667087460247,89.28766293558729,99.34415493863395,takeoff,False,none
7.0,6.134013535288882,1.078250033899962,89.12049037134106,99.12342661262882,takeoff,False,none
8.0,7.182610657202911,0.5729724901778159,92.28163287727607,99.00626925623772,takeoff,False,none
9.0,7.663365676662648,1.374893478045891,90.29751107118555,99.06526873130187,takeoff,False,none
10.0,9.428463032375236,1.0380221912392533,90.88675905440473,98.35735008263809,takeoff,False,none
11.0,10.276536417152675,1.5537289008922095,89.51092253188108,98.22793773354073,takeoff,False,none
12.0,10.819532202713193,1.1908571974701696,89.81404332281394,98.55225659544199,takeoff,False,none
13.0,12.249013861910983,1.8867056330269638,89.28644601862965,98.37086377421636,takeoff,False,none
14.0,12.81802433404737,1.6456607781459904,87.3482916650808,98.28111385274524,takeoff,False,none
15.0,13.05349983597411,1.637681515034203,88.62199072315214,98.02944436793713,takeoff,False,none
16.0,14.566397863951362,2.371449411731237,88.1893813200196,98.12953183668438,takeoff,False,none
17.0,14.801457575989994,2.3646281879636994,87.7502162220484,98.0579801892994,takeoff,False,none
18.0,16.619000431552514,2.242773251716962,88.8046410257019,97.84304019835625,takeoff,False,none
19.0,17.05368872990013,2.9971514075153083,91.32495567938163,97.56886936674981,takeoff,False,none
20.0,17.88509690811501,2.564433487012223,89.95556383229565,97.0742884997726,takeoff,False,none
21.0,18.535939722180053,2.8410929763485835,91.29056376232117,97.52446493776769,takeoff,False,none
22.0,20.386551568213417,3.046966169135041,90.41098257690088,97.48975474826857,takeoff,False,none
23.0,20.596892562336386,2.915223815267034,90.78255882571516,97.2491120162866,takeoff,False,none
24.0,21.358869796783615,3.377295944199754,89.09910300469542,96.81906316728109,takeoff,False,none
25.0,22.295843337115432,3.2107508127045152,90.52395095419267,97.00454185035292,takeoff,False,none
26.0,23.63694110963061,3.382126480863227,90.72871423407435,96.91668023207643,takeoff,False,none
27.0,24.452384953530352,4.04924223014325,89.42335270776631,96.93112885890874,takeoff,False,none
28.0,25.37490563164069,3.4631050831226746,90.55954037061616,96.31893494336809,takeoff,False,none
29.0,26.28282623184102,3.1862782602717146,90.56618775857483,96.32365733016964,takeoff,False,none
30.0,28.03711593526669,4.528224918728288,89.45044737886991,96.39319397617193,takeoff,False,none
31.0,27.661961031133536,4.944573666680977,88.877231567729,96.13001289909565,takeoff,False,none
32.0,28.507923579284455,4.193025961938234,88.81587166810172,95.76985668326253,takeoff,False,none
33.0,29.256034984190666,3.8683867900611357,90.08650554192147,95.95103677954289,takeoff,False,none
34.0,30.869787464096735,4.491124470062565,90.32700986878932,95.85863716816537,takeoff,False,none
35.0,32.02516030366382,4.633234238643305,89.20747416954208,95.63528873953332,takeoff,False,none
36.0,32.30257683297032,4.796955431962985,90.0265853413261,95.53640446456787,takeoff,False,none
37.0,32.83834872781087,4.654747632367266,90.57053703613849,95.31553761765952,takeoff,False,none
38.0,33.7450627629409,5.297463848360921,90.6181907146653,95.53772590400466,takeoff,False,none
39.0,35.38147616919325,5.41577917887796,91.55188012012249,94.93672299898367,takeoff,False,none
40.0,36.32668326537701,4.9449367410205,91.27698083219805,94.87418860203823,takeoff,False,none
41.0,37.125509718422265,5.737848907148916,88.99870856724345,94.86864117616126,takeoff,False,none
42.0,37.4200541351197,6.278726842898374,91.68358620953802,94.91702619786071,takeoff,False,none
43.0,38.767766054791785,5.849340908719882,89.46902349544429,94.3165520771664,takeoff,False,none
44.0,39.60890470232317,5.83138672104237,91.04487281245443,94.22875868009699,takeoff,False,none
45.0,40.55878250061169,6.024814766014822,90.0679866260511,93.95806364736792,takeoff,False,none
46.0,41.78402899571567,6.386824221101804,89.58785062154303,94.2469397128303,takeoff,False,none
47.0,42.358988785623296,5.817877170033228,88.19230314022506,93.8915308232031,takeoff,False,none
48.0,43.48552419726629,6.521227323252741,89.82843548978366,93.9130732835056,takeoff,False,none
49.0,44.07873335496916,6.489602388194865,88.4406167646944,93.99705026235229,takeoff,False,none
50.0,45.08837992406409,7.295920537594679,90.96729923584277,93.61125739908216,takeoff,False,none
51.0,46.15834074213276,6.824152674240535,91.51679265713925,93.66061366665218,takeoff,False,none
52.0,46.01299512378003,7.511602238392035,89.20308901070331,93.42928099941793,takeoff,False,none
53.0,47.48061383002359,6.814945206395735,90.30197074251927,93.49836276285234,takeoff,False,none
54.0,48.304139515550226,7.457076626445332,89.27460847799202,93.33375683216744,takeoff,False,none
55.0,49.11876332306934,7.51155041621602,89.37151526986321,92.97513579832768,takeoff,False,none
56.0,50.19950752607205,7.289847623393374,90.77449470386537,92.9545835057473,takeoff,False,none
57.0,51.983425711796976,7.738612092818048,89.96146173815659,93.07185385483625,takeoff,False,none
58.0,51.70191590282754,8.183980370150604,91.739648041931,92.81657186820775,takeoff,False,none
59.0,53.517847042464275,7.857918668489301,89.51776752129707,92.33329540147149,takeoff,False,none
60.0,53.09114938385502,7.582298845698509,90.99933633247448,92.61860274412075,takeoff,False,none
61.0,54.664018159164414,8.219450253180362,90.09741341295778,92.145348326264,takeoff,False,none
62.0,55.81171361120419,8.088823633359999,90.79577800974424,92.51956438360823,takeoff,False,none
63.0,56.92232464882571,8.391679740872746,89.55284234267005,92.316672856449,takeoff,False,none
64.0,57.88370317753687,8.604737152240531,89.95044116244841,92.04462150252925,takeoff,False,none
65.0,58.823639909734794,8.252349279015569,89.88450112070106,91.89288229489759,takeoff,False,none
66.0,59.15148016050499,8.414178902698179,89.16394288515421,91.69442059386964,takeoff,False,none
67.0,59.993543204791315,9.178327915826197,90.66208153458176,91.74672315421991,takeoff,False,none
68.0,61.55258344624655,9.011723716991792,90.65024900557836,91.41165404891225,takeoff,False,none
69.0,61.92681974767155,8.533947483970685,90.59355469490556,91.40771497579743,takeoff,False,none
70.0,62.28350515293778,9.673655458173451,91.53696565391765,91.40977919383812,takeoff,False,none
71.0,63.25358111209938,9.65474463444744,91.44934480123631,90.99782233069388,takeoff,False,none
72.0,64.2593749805947,9.49370272132838,89.62505531015087,90.86173641026564,takeoff,False,none
73.0,65.86655790011676,9.44764756589601,90.37305231843418,90.62089318098366,takeoff,False,none
74.0,66.58806680061956,10.22827045878194,89.37639931074179,90.52166304676808,takeoff,False,none
75.0,67.76097301411254,10.217164737329925,90.02335531611456,90.24366985256981,takeoff,False,none
76.0,68.10098041840476,10.961971696041177,89.40025055088114,90.63010599152598,takeoff,False,none
77.0,69.29275299160578,10.508079051527593,91.62007030913605,90.7207144610042,takeoff,False,none
78.0,70.42515474754546,10.633164874962873,90.36369815034297,90.51878866014647,takeoff,False,none
79.0,70.85656268519605,10.601607014225857,89.78197087189558,89.7832972925919,takeoff,False,none
80.0,72.13849997832928,11.031549614092821,91.19361857185638,90.12827644349322,takeoff,False,none
81.0,72.47802579351162,11.108873874981187,87.82938459020458,90.14251809803145,takeoff,False,none
82.0,73.5263382452568,11.431697277850457,87.98589740513471,89.64152615076378,takeoff,False,none
83.0,74.41587262603454,11.03461436036387,90.79583865521977,89.62796895190631,takeoff,False,none
84.0,74.90769815473357,11.195220454746025,90.06046844811736,89.08089217448013,takeoff,False,none
85.0,76.64798062241526,11.316943206029777,90.25044630026076,89.41060933710118,takeoff,False,none
86.0,77.06866961641549,11.832746134331225,88.67360389668146,89.01934147648367,takeoff,False,none
87.0,78.20849425037508,12.179849410740704,89.97676628914964,89.1467717448177,takeoff,False,none
88.0,79.34149692495856,11.727516391381053,92.00350941040134,88.6693954756624,takeoff,False,none
89.0,80.22326558801497,11.872567881662073,90.82419961979586,88.96499902386046,takeoff,False,none
90.0,80.3326925544864,12.09422316716094,106.95664815043997,88.93612123291506,cruise,False,none
91.0,79.9507572577453,11.92627154999613,106.54685769468011,88.44937404435144,cruise,False,none
92.0,79.78835084397792,12.285616095941966,106.71447980705192,88.25341681927718,cruise,False,none
93.0,79.9601408945468,11.324466812814286,105.02326940404222,87.92438804591404,cruise,False,none
94.0,79.15633278302099,11.751988485924931,107.37036457546118,88.17710126647377,cruise,False,none
95.0,79.27644376378845,11.765275099811566,107.83236539695578,87.98885650529726,cruise,False,none
96.0,79.3386501938228,11.303893196284157,105.19689308854278,87.66976272854876,cruise,False,none
97.0,79.50137658619926,11.710908466689359,105.80629818002862,87.94536168114557,cruise,False,none
98.0,80.19988711336171,11.725453165246222,104.9136708672799,87.63955517237498,cruise,False,none
99.0,79.54726047231998,11.939668603644352,104.61662399275072,87.38919337588365,cruise,False,none
100.0,79.8109187229803,12.333889767498079,105.0534816268219,87.36821740534937,cruise,False,none
101.0,80.64961414889304,11.926481804642789,102.24114266944588,87.56818411312817,cruise,False,none
102.0,79.82186801446929,11.690755883918653,104.17378515669787,87.34930191295805,cruise,False,none
103.0,80.36875778423354,11.982913637635942,103.45723760952855,87.0775006307721,cruise,False,none
104.0,79.53319115999506,12.314752086432405,101.5080804851043,87.10211816562953,cruise,False,none
105.0,79.89728122106618,11.70721235516553,98.24879517688015,86.62090608952398,cruise,False,none
106.0,79.5249889725447,11.726827534823565,98.62105294510863,86.73435381981152,cruise,False,none
107.0,79.83048346204971,12.167564687782267,99.65963957148324,86.63213558462817,cruise,False,none
108.0,80.42015406872869,11.93353916528076,94.38346289159854,86.38349513569591,cruise,False,none
109.0,79.13633978840383,12.194245407212842,95.47874395102238,86.43934542345193,cruise,False,none
110.0,80.21721182177293,11.99590596246141,93.24626105183201,86.07095838419632,cruise,False,none
111.0,80.11886780116613,12.21049909442687,93.77153262163176,86.20380053554521,cruise,False,none
112.0,79.7029250221516,11.689476565787809,90.77917377855007,86.08699946716102,cruise,False,none
113.0,79.27697107280578,11.99637460476352,90.29847467877923,85.26798705558012,cruise,False,none
114.0,80.03606475385693,11.936792995691054,88.85973208396088,85.96427149128634,cruise,False,none
115.0,79.7352536454681,11.63523272276876,88.4966673304154,84.99147515637853,cruise,False,none
116.0,80.11633810567736,11.530956615639393,84.79723948991455,85.35258318320263,cruise,False,none
117.0,80.01092607276172,12.205724710582398,83.69689651245376,85.55565391403019,cruise,False,none
118.0,80.80088944566046,11.894714285334606,80.14492559689612,85.16191828099291,cruise,False,none
119.0,79.88032218626348,11.693315915505801,81.12563244216882,84.80692974841428,cruise,False,none
120.0,79.48825125368907,11.971146318923001,77.48378610607918,84.75621085142961,cruise,False,none
121.0,80.08963781747816,12.33840565720479,76.00421832693505,85.05513073190185,cruise,False,none
122.0,80.10999834198589,11.315778646388424,74.88275543457353,84.34023999539278,cruise,False,none
123.0,80.67959378762022,11.551008393029003,71.70919789034855,84.82513044055968,cruise,False,none
124.0,80.4175556229573,11.72313406743142,71.90257299473096,84.4631031194236,cruise,False,none
125.0,80.17843552957476,12.438353660016098,71.08507916371775,84.11043579200835,cruise,False,none
126.0,80.73165144560978,12.084776094875789,68.90370377897585,84.10708316250106,cruise,False,none
127.0,79.40561847283857,12.230195172138368,65.57140257247286,83.89505262760605,cruise,False,none
128.0,79.68012423362512,11.65795172426213,65.64914706576745,84.14653385486287,cruise,False,none
129.0,79.53671202929723,11.664139237418842,65.19720793051292,83.9945656955085,cruise,False,none
130.0,79.80509509842211,12.134344115016813,61.335069628736946,83.3790392256455,cruise,False,none
131.0,79.31165692622184,12.017482299280633,60.97753301669058,83.5169443475816,cruise,False,none
132.0,80.3175754734072,12.164621645659238,61.854730178417,83.2998169576814,cruise,False,none
133.0,79.88888865145061,11.943698702721464,60.26565242880703,83.60594740270689,cruise,False,none
134.0,79.26459685274867,12.083443117936389,59.52074011842397,82.9520169042545,cruise,False,none
135.0,79.49221045939623,12.047435725471534,60.18117133618666,83.41767386768159,cruise,False,none
136.0,80.1567569237251,12.233330216725477,58.1061639847585,82.96496041770595,cruise,False,none
137.0,80.4190632839472,12.242102484583341,57.7172466907884,82.61402380319811,cruise,False,none
138.0,80.99836544584589,11.51403840168247,59.299890700526234,82.58574716653705,cruise,False,none
139.0,81.45693123300366,11.325819433397744,56.014820056828086,82.43566955404998,cruise,False,none
140.0,80.207204716638,12.300523619295452,55.18098691047843,82.21586096066535,cruise,False,none
141.0,79.50523093998407,12.35631752797858,56.26816267871135,82.36454133187931,cruise,False,none
142.0,78.93397685963434,11.693813094145998,56.2520026978892,81.97478416865962,cruise,False,none
143.0,80.13385573117192,11.44204937803631,55.36940056331369,81.65908535591514,cruise,False,none
144.0,79.59352945234484,12.029710446302161,55.05601022144407,81.89401462235791,cruise,False,none
145.0,79.79232136991016,12.279251467905159,58.697884622518025,81.48416999610875,cruise,False,none
146.0,79.6939516004701,12.539278356730295,57.11945158127294,81.56910038064359,cruise,False,none
147.0,79.9296045567918,12.154889271630434,56.566872861224944,81.4125032954012,cruise,False,none
148.0,80.53299011539382,11.888484991024292,58.82014081808995,81.29487197758148,cruise,False,none
149.0,80.07852428372267,11.73206081352454,58.49463415712357,81.74409913116945,cruise,False,none
150.0,79.92068258148066,12.003435387501197,59.14051683588394,81.2299801431501,cruise,False,none
151.0,79.48217312358709,11.910220588834424,60.8304209396471,81.14256335038004,cruise,False,none
152.0,79.16265852764782,11.695479628281355,59.93080437881578,80.61300080817728,cruise,False,none
153.0,79.75684604546333,12.614626695258986,62.603909441116336,80.71227915958313,cruise,False,none
154.0,79.97310872459084,12.535550520621639,65.260803285349,80.7609236311636,cruise,False,none
155.0,80.88396495678994,12.340814605066628,64.9721593648182,80.38774864145746,cruise,False,none
156.0,80.06513726073645,11.72374488065726,65.34278796601855,80.64905831160844,cruise,False,none
157.0,80.49136975551153,12.256505797289183,66.4728790229582,80.10169774458942,cruise,False,none
158.0,79.75035220073042,12.19188792284937,67.87147982847883,80.15975515346135,cruise,False,none
159.0,79.40752811679148,12.132763687261216,69.36327717249567,79.97460937150406,cruise,False,none
160.0,79.51744161888381,12.374899580113134,70.60106314133866,79.99947515024033,cruise,False,none
161.0,79.63738696773213,12.190611342858384,73.27558249790773,79.71330432285762,cruise,False,none
162.0,81.06423486621759,12.2220042708913,72.01777815462943,79.66201493067929,cruise,False,none
163.0,79.5893066603878,12.191071885011663,76.00858799457107,79.54375895660266,cruise,False,none
164.0,80.41924460186817,12.102237422400632,76.15902734116122,79.31889874234479,cruise,False,none
165.0,79.54853641095649,11.464916661085745,78.29706878740433,79.43758638638722,cruise,False,none
166.0,80.46578650643713,12.025086323223167,78.15673598501508,79.26303660652007,cruise,False,none
167.0,80.19247548305293,11.833142412345262,81.95126899750981,79.07242746136673,cruise,False,none
168.0,79.92168105117095,11.616047712707994,83.17585523451866,78.87884990258974,cruise,False,none
169.0,79.97961873693228,12.504544985790247,84.15969976521158,78.9990416942509,cruise,False,none
170.0,79.67260615228531,12.518698602265712,82.91150705450573,78.66735735824885,cruise,False,none
171.0,80.22303610074104,12.407766180088684,86.43211030755269,78.52797606831128,cruise,False,none
172.0,79.7725082598296,12.076564025056763,87.12984514774412,78.48504485071886,cruise,False,none
173.0,79.38719711811638,12.405187536285798,86.18210982556961,78.67821550020018,cruise,False,none
174.0,79.36103121284019,12.003615954180548,88.76142793062645,77.94561824086654,cruise,False,none
175.0,80.08629395886106,12.060839183069334,90.0805918529716,78.24245217994664,cruise,False,none
176.0,80.78954562820522,11.671958588861406,91.13098089967667,77.58463788795271,cruise,False,none
177.0,80.07999580678671,12.119097391349651,91.53657286644098,77.88151807071084,cruise,False,none
178.0,79.94068083694506,12.018115778527324,92.35807673080066,78.02787132345162,cruise,False,none
179.0,80.14291306980127,11.60920436494966,94.16923032519048,77.68537978168811,cruise,False,none
180.0,80.65300087085342,11.98464086645502,264.47032886406123,77.49656241136739,cruise,True,gps_spoofing
181.0,80.10969125068193,11.976081130842957,260.8450374951716,77.22513882076359,cruise,True,gps_spoofing
182.0,79.79453638458313,12.539268349993392,263.7813506545094,77.21822947348669,cruise,True,gps_spoofing
183.0,80.55314435502994,12.268263998554023,264.24006946341376,77.03639878917309,cruise,True,gps_spoofing
184.0,80.21437821923081,12.00343363172744,262.878675689666,76.80440734953226,cruise,True,gps_spoofing
185.0,80.76787799599799,12.074636192940325,264.8725660511107,76.77841886688833,cruise,True,gps_spoofing
186.0,80.09161721861095,12.01326371343126,266.0982698039346,76.75086154097337,cruise,True,gps_spoofing
187.0,79.38776548413975,11.939125804561336,263.7600767930252,76.43253321400672,cruise,True,gps_spoofing
188.0,79.31592040037717,11.675271840783514,265.10916480062053,76.2995115824407,cruise,True,gps_spoofing
189.0,80.82546396611562,11.95468443671792,263.7155076017982,76.06351057792398,cruise,True,gps_spoofing
190.0,80.86183286039164,11.776170523004247,263.7543498066196,76.28849558952496,cruise,True,gps_spoofing
191.0,79.9102403933587,11.624905338323057,265.6392922383382,76.19420655556537,cruise,True,gps_spoofing
192.0,79.80840633943201,12.15336654436426,263.3004232209782,76.00626531088403,cruise,True,gps_spoofing
193.0,80.7307221461211,12.11737939797997,263.936826131819,76.02775863944724,cruise,True,gps_spoofing
194.0,79.44647715897825,11.463987746589577,261.19101308831773,75.72708938718242,cruise,True,gps_spoofing
195.0,79.55263649052209,11.963194608751461,264.4738797460666,75.6627093661042,cruise,True,gps_spoofing
196.0,80.32166339734452,12.298710415769976,262.73124269064465,75.51986598262334,cruise,True,gps_spoofing
197.0,79.8026974385702,12.317767121668897,261.437014348818,75.31558181247695,cruise,True,gps_spoofing
198.0,79.99743906663997,12.307751052865571,261.66625309501705,75.10251676959945,cruise,True,gps_spoofing
199.0,79.91827855073774,12.011673962070438,259.1388518254073,75.52630297724853,cruise,True,gps_spoofing
200.0,80.16878727439946,11.746486401609255,91.18253074175266,74.86787357698422,cruise,False,none
201.0,80.70374093065686,11.674890351792582,89.12734397014846,74.69987954959562,cruise,False,none
202.0,80.04529245345087,12.103381471425108,88.70522389993435,74.7946483753745,cruise,False,none
203.0,80.32196939663842,12.11378401030955,87.88883019356624,74.63300861260825,cruise,False,none
204.0,78.97491394948449,12.38619933348152,87.29075835291631,74.17647073889196,cruise,False,none
205.0,79.97564079903493,12.329993895102625,88.0831084269567,74.55675601819154,cruise,False,none
206.0,79.57838486485356,11.960331403040648,87.19367564572553,74.18817277107341,cruise,False,none
207.0,79.39059346978819,11.626738236341739,87.17713449859465,73.8596167859652,cruise,False,none
208.0,79.56092381653562,11.904268020896732,86.14822426942445,74.1943511467439,cruise,False,none
209.0,79.8329382796496,12.065169358443157,86.35130120690901,73.95652075705713,cruise,False,none
210.0,80.457951271178,11.939375026383178,85.15488942577569,73.45326856321309,cruise,False,none
211.0,79.33680364113022,11.826631767576703,87.5984007623149,73.93640484851899,cruise,False,none
212.0,80.0153157462972,12.07586544449097,83.65930572163884,73.58751907300547,cruise,False,none
213.0,79.7579152833332,11.848812677576817,86.41429267094723,73.32851169507198,cruise,False,none
214.0,79.83616345281902,11.811580174882387,86.51839541919692,73.52338599818613,cruise,False,none
215.0,80.5013789126523,12.093435850291032,84.36945820115605,73.11199311269247,cruise,False,none
216.0,80.26905771850197,11.879402225961238,87.59849934816297,72.9493082597705,cruise,False,none
217.0,80.66869905372137,12.073231316693505,86.59076979198758,72.6976561704517,cruise,False,none
218.0,79.92274716037505,12.081961206855636,86.87234979747578,72.82087760038229,cruise,False,none
219.0,79.65202869416464,11.658171299672528,86.31592973807157,72.67461942485043,cruise,False,none
220.0,79.88807059155975,11.855627662840377,86.53847888763077,72.45702617822836,cruise,False,none
221.0,80.1212483956356,12.43133308197494,87.09497224002301,72.17088419834167,cruise,False,none
222.0,80.08828667922685,11.651376146179715,88.32368528236626,72.22965875881319,cruise,False,none
223.0,79.45780596388332,11.36500366530884,90.04187477554177,72.06450434969231,cruise,False,none
224.0,80.04524489081393,11.441446454027247,89.60640859200788,71.68656056196268,cruise,False,none
225.0,80.11411416506945,12.008732983973001,89.37249901292435,71.53368427430945,cruise,False,none
226.0,81.25873701876696,12.009275183409809,92.03870174798769,71.81586873920101,cruise,False,none
227.0,80.93842230564084,11.964716743372463,93.13376967369257,71.0572517192935,cruise,False,none
228.0,79.5733783247206,12.36425694867855,93.92966946833931,71.49350280656087,cruise,False,none
229.0,79.8563083192254,11.19814967006912,95.1425096700383,71.23159540848262,cruise,False,none
230.0,79.2682789990815,12.118780162329248,95.30281003954295,71.46365266027415,cruise,False,none
231.0,79.70464649301826,12.468431460541073,95.8709015934079,70.97810101593217,cruise,False,none
232.0,80.15780250179517,11.661665770532485,97.2015862950124,71.08348281947809,cruise,False,none
233.0,80.60292681044412,11.886058046463031,97.74189882088179,70.74699452724494,cruise,False,none
234.0,79.63545808112819,11.774132424831414,100.95322471633003,70.72391824505449,cruise,False,none
235.0,79.6729267799661,11.731696186176741,101.99643021506442,70.72332723940605,cruise,False,none
236.0,78.92635548513067,11.902121398493088,103.02129842916642,70.35824010882189,cruise,False,none
237.0,79.91866703972755,12.428245585105351,101.89779323149594,70.52485354785127,cruise,False,none
238.0,79.46879279407023,12.551216002646257,105.00169527246737,70.00159431439506,cruise,False,none
239.0,79.73528028631696,11.899218232487955,108.76156959456998,70.1340437771928,cruise,False,none
240.0,79.56156961091621,12.57151806421934,108.35650432583992,70.13444447210348,cruise,False,none
241.0,79.95286872287372,12.010672943095388,110.74335182711337,69.95671534476875,cruise,False,none
242.0,79.12113580432168,12.526107308010324,110.32749476820084,70.08278814062254,cruise,False,none
243.0,79.26647737730451,11.972010405103953,114.45872117897277,69.4216026206781,cruise,False,none
244.0,81.06462355601415,12.039317347813844,114.13697227014332,69.1732519527353,cruise,False,none
245.0,79.35628870936299,12.109642341792851,115.7840586938626,69.12500610017075,cruise,False,none
246.0,79.45160721077268,12.95365610381026,118.97793131426442,69.33075295404424,cruise,False,none
247.0,80.91845676416065,12.255385672453437,119.26515786339023,69.17304034645322,cruise,False,none
248.0,81.4525335846202,11.78782064101456,118.47074773166545,68.96869841039359,cruise,False,none
249.0,79.41421668558733,12.290699361082757,119.13863174739701,68.59844698750746,cruise,False,none
250.0,79.81587552160599,11.891450238874697,120.28105670627865,68.85120317485946,cruise,False,none
251.0,80.17077777547026,11.853074945129638,121.90611893979164,68.32768007952832,cruise,False,none
252.0,80.8643488222028,12.272580407967633,121.99056534993878,68.67920227039858,cruise,False,none
253.0,79.50657146078588,12.009325676331345,122.30559761236952,68.89369135741595,cruise,False,none
254.0,79.87736107702895,12.083572774353541,124.6745731398241,68.27028522096707,cruise,False,none
255.0,80.38866878803087,12.004195566559588,123.49774990779422,68.18840793764907,cruise,False,none
256.0,80.2173830372333,12.100974937981631,126.21118185203841,67.84800567560319,cruise,False,none
257.0,79.81192196438495,12.127489769230845,124.19462660849226,67.45932628402971,cruise,False,none
258.0,79.93308851774198,11.418909920188376,125.97230672572442,67.5756163945058,cruise,False,none
259.0,79.31255209581501,12.19997180058286,124.51695314224641,67.35237253775688,cruise,False,none
260.0,79.88091312801266,11.70539417405091,124.98409089915252,67.15634198955841,cruise,False,none
261.0,79.86680625499552,11.567310259332176,123.04676433356371,67.66500621210531,cruise,False,none
262.0,80.11608494481312,11.982476626842395,122.55709560410467,67.2498980461761,cruise,False,none
263.0,79.7223363905905,12.025194300994336,123.40034727465975,67.14605437755853,cruise,False,none
264.0,80.23576926127257,11.791948150628317,123.35094203621301,66.88310370726126,cruise,False,none
265.0,80.50635790890992,12.249309557300393,121.71857997343712,66.78512528267657,cruise,False,none
266.0,80.07771466383423,11.597347450088728,119.60483812861908,66.88740095447791,cruise,False,none
267.0,80.1758782041996,11.877916875368232,118.64418463910091,66.56281471315579,cruise,False,none
268.0,80.02657767378894,11.8245377595201,117.5946770234783,66.55021224336454,cruise,False,none
269.0,80.0000421965457,11.986023818898198,116.18007885655234,66.27966391505537,cruise,False,none
270.0,79.63922098322858,12.083659285394171,116.89642696474428,66.12522551534275,cruise,False,none
271.0,80.15824713083666,11.697632115112937,116.66986489417461,65.78706457923354,cruise,False,none
272.0,79.95135670079326,12.217284803236868,114.21362785297808,65.54768891874528,cruise,False,none
273.0,81.0465841544653,12.018900710500409,110.57928510601056,65.7657176698702,cruise,False,none
274.0,80.78667745123762,11.432416124006426,111.19846958418687,65.70412070734689,cruise,False,none
275.0,80.19292327627825,11.41242256788089,109.71958811257468,65.31038668047127,cruise,False,none
276.0,79.61847139515261,11.996304212121206,110.42219578442341,65.43550903367088,cruise,False,none
277.0,79.44379426400829,11.933709804664094,105.27077985139209,65.32794583814066,cruise,False,none
278.0,80.59557147654444,11.96897396592761,104.70431916797808,64.76078504319545,cruise,False,none
279.0,80.13137461257357,11.991605263040935,105.1408801895218,64.88375303137623,cruise,False,none
280.0,80.24007170169581,1.2067667951853054,102.20568338719603,65.02302206088399,cruise,True,engine_failure
281.0,76.24007170169581,1.228429488295449,100.62809419464138,64.89377234688081,cruise,True,engine_failure
282.0,72.24007170169581,1.1666668529724733,98.48460336100041,64.46041693658648,cruise,True,engine_failure
283.0,68.24007170169581,1.1648408522129763,97.00909139582609,64.59763284883117,cruise,True,engine_failure
284.0,64.24007170169581,1.1672002842633786,95.77742809668861,64.64521600266808,cruise,True,engine_failure
285.0,60.24007170169581,1.2086675000150613,92.53007219042179,64.47094046825895,cruise,True,engine_failure
286.0,56.24007170169581,1.2373484213593935,92.58378691411646,64.17126003792276,cruise,True,engine_failure
287.0,52.24007170169581,1.1870598168528148,88.73247632507086,63.97151325152546,cruise,True,engine_failure
288.0,48.24007170169581,1.1249490046752104,88.87408024213802,63.814030936188196,cruise,True,engine_failure
289.0,44.24007170169581,1.1488802141216887,87.21177864323941,63.9082551085018,cruise,True,engine_failure
290.0,40.24007170169581,1.1750088983161198,84.95744508150864,63.72850326541322,cruise,True,engine_failure
291.0,36.24007170169581,1.1832681333751436,84.15104736145852,63.69015459086985,cruise,True,engine_failure
292.0,80.73574598649658,11.877483411823581,82.21600267500737,63.46543987113842,cruise,False,none
293.0,78.71667077953435,12.011574336894276,80.50156103575776,63.47760921744845,cruise,False,none
294.0,79.88157486774516,11.906476100753267,80.0289136872753,63.20756625283528,cruise,False,none
295.0,80.08825621068623,12.314801883163023,78.16650767776365,63.22037680833485,cruise,False,none
296.0,80.14799699484355,11.79719480829559,78.56361439095203,63.11239493804662,cruise,False,none
297.0,79.81404270933936,11.741304612157338,76.14653196625278,62.6521163767931,cruise,False,none
298.0,79.1216391087607,12.143662661556139,77.15246230465026,62.32618421232869,cruise,False,none
299.0,80.16399774185706,11.539307379022164,74.49297610763684,62.87130291177052,cruise,False,none
300.0,80.86367510708209,12.116907511596,74.43370508441899,62.48872740557484,cruise,False,none
301.0,79.23306929754193,12.03076595511788,73.79342140422534,61.96928979919794,cruise,False,none
302.0,80.4319140068491,11.95576725302455,75.25401122936152,62.04421439771819,cruise,False,none
303.0,79.83573738843856,12.476482832144779,73.86257487328118,62.21614447450067,cruise,False,none
304.0,79.96933782708558,11.813337766411586,73.01575378174222,61.88062556866491,cruise,False,none
305.0,79.47355074464802,12.618089451157223,73.51183715259579,61.708939969892434,cruise,False,none
306.0,79.83277191382206,11.93237056523157,70.7800834981303,61.966319944683626,cruise,False,none
307.0,80.65002229734948,11.616895066508931,72.80439911711686,61.35147746220905,cruise,False,none
308.0,80.29132762099385,12.020975874298447,74.88846151888346,61.27609553879962,cruise,False,none
309.0,80.86615580270497,11.67712643990437,73.14643490161761,61.352794824225015,cruise,False,none
310.0,80.58870594448885,11.77447324565595,73.28097156387216,61.26339983449091,cruise,False,none
311.0,80.21954333946479,12.119109990004647,74.0316492497836,61.15936877381305,cruise,False,none
312.0,80.8719672630839,12.166674626595038,74.71633540523369,61.11713909472348,cruise,False,none
313.0,80.21949657936915,11.813349689923722,72.2220970236753,60.84939852881076,cruise,False,none
314.0,80.41399408839852,12.29622154351392,72.9922301908143,60.782350911326915,cruise,False,none
315.0,79.85171452323264,12.34725232740634,75.39022981081887,60.50742359054099,cruise,False,none
316.0,80.0332729079296,12.430890526968987,75.01479504044397,60.44659642191613,cruise,False,none
317.0,79.65128808834986,12.158824022137717,77.62951648937393,60.33035491614429,cruise,False,none
318.0,80.49479196729743,12.40902861362571,76.62177273493135,60.22665902616214,cruise,False,none
319.0,79.41084818844257,11.435760471607782,75.64691527132656,60.212938679379654,cruise,False,none
320.0,80.39117517120883,11.904628035411461,76.97628103730653,60.04425117311685,cruise,False,none
321.0,79.90467447124742,11.739898423102971,76.16906934322758,59.81685675617269,cruise,False,none
322.0,80.58562354673366,12.035767758338217,79.36391164334677,59.52097947746922,cruise,False,none
323.0,80.37543449436563,11.828565234240978,80.08705902410112,59.57113024493474,cruise,False,none
324.0,80.9103230788234,11.95015264741508,80.51985008726852,59.42678375520783,cruise,False,none
325.0,80.36538734556932,12.564652464061215,82.67699490077513,59.3458149470144,cruise,False,none
326.0,79.21397987217338,11.949084061073886,83.42900478418166,59.62327501134461,cruise,False,none
327.0,79.9665234135509,12.124137695157064,82.66486865477391,58.952006713073054,cruise,False,none
328.0,79.4139964037026,11.93031920102273,81.27182026139442,59.01601039147115,cruise,False,none
329.0,79.74086007881687,12.02271398638705,84.5559020579312,59.020036319959715,cruise,False,none
330.0,80.75561421663836,12.001805004130821,84.98162205880783,58.7007356081955,cruise,False,none
331.0,80.31876690544885,12.134497219791948,85.17386956866619,59.023495568074836,cruise,False,none
332.0,79.65053478571063,12.349592260664153,86.23017615489202,58.35511000475888,cruise,False,none
333.0,79.4931413167798,12.494218199280999,84.40993382877147,58.37032702643396,cruise,False,none
334.0,80.01639104643813,12.09288602457275,87.84771964813339,58.02053935185613,cruise,False,none
335.0,79.39171992530943,12.176864065810681,85.07863475076009,57.98478687267084,cruise,False,none
336.0,79.66442986130171,11.65474064724433,86.91852962230777,57.9796699206436,cruise,False,none
337.0,80.15600473577562,11.973636977275314,84.54310859787218,57.973935269890596,cruise,False,none
338.0,80.57765601805335,12.282086839465077,85.28953070389198,57.74328474309854,cruise,False,none
339.0,80.30438073611222,12.259790591525146,87.65251327363777,57.80608006502555,cruise,False,none
340.0,78.85435524570094,12.063482919838515,85.71796985109607,57.41005535190484,cruise,True,control_freeze
341.0,80.15218336451512,12.063482919838515,85.71796985109607,57.23740602692035,cruise,True,control_freeze
342.0,80.03601678661629,12.063482919838515,85.71796985109607,57.7194280732088,cruise,True,control_freeze
343.0,80.20694514268635,12.063482919838515,85.71796985109607,57.1322699005061,cruise,True,control_freeze
344.0,80.8081048408256,12.063482919838515,85.71796985109607,56.78431738028676,cruise,True,control_freeze
345.0,78.96838086159762,12.063482919838515,85.71796985109607,56.66415225589763,cruise,True,control_freeze
346.0,79.70444828740445,12.063482919838515,85.71796985109607,56.489260344305755,cruise,True,control_freeze
347.0,80.29545316139668,12.063482919838515,85.71796985109607,56.73990151724815,cruise,True,control_freeze
348.0,79.20920280027303,12.063482919838515,85.71796985109607,56.35450350636292,cruise,True,control_freeze
349.0,80.73797452402675,12.063482919838515,85.71796985109607,56.327642778937644,cruise,True,control_freeze
350.0,80.18417830635033,11.482960977778374,79.0395434675628,56.164259867783464,cruise,False,none
351.0,80.4232919929217,12.135530580282294,79.02724699822994,56.19805140312408,cruise,False,none
352.0,79.7145281692391,12.143258801180039,78.27452286661948,55.75719542182386,cruise,False,none
353.0,80.4068818449831,11.65127136595802,77.5607695845634,55.58622110203684,cruise,False,none
354.0,80.53423577799452,11.786369387436318,75.5916498812021,55.72098633956654,cruise,False,none
355.0,80.11643901006859,12.411162296584239,75.35811356545416,55.671110053934974,cruise,False,none
356.0,80.11720044634934,11.854790960528197,74.2608994157909,55.492215978479294,cruise,False,none
357.0,80.13517161964086,12.672876093720895,74.75487847882559,55.138610088905075,cruise,False,none
358.0,79.5683273676303,11.999424044047096,73.78397506402106,55.3107891220076,cruise,False,none
359.0,79.92623565987982,12.12241085306438,71.82520226429001,54.901311287034964,cruise,False,none
360.0,79.92373873377382,12.485062319549582,70.58682987822621,54.82056706236159,cruise,False,none
361.0,80.19169693217675,12.039308134858025,70.14542249703699,54.610875405239234,cruise,False,none
362.0,80.49991212345515,11.699296805792759,68.24137819917593,54.934689098778826,cruise,False,none
363.0,79.47073195901079,11.967081764491713,66.99639494631437,54.67593305611866,cruise,False,none
364.0,79.93749548484021,11.989316779142973,66.32798282612971,54.545038741913736,cruise,False,none
365.0,80.74072777382949,11.59057750433953,65.80480486678483,54.54827366987123,cruise,False,none
366.0,79.62820588559372,11.923250378597753,64.50053510323727,54.73615255415526,cruise,False,none
367.0,79.58887499135484,11.777342371800769,65.10974054824473,53.706568802590255,cruise,False,none
368.0,80.10115309591559,12.27730732715623,65.0263783793563,53.77553002606164,cruise,False,none
369.0,80.42219259524266,12.010383562255576,62.129569488757774,53.67476164426693,cruise,False,none
370.0,80.00571302778033,11.915161275255729,63.23818710591891,53.502624055490074,cruise,False,none
371.0,80.6644802952185,11.968145420813228,62.570874473219384,53.33206264931064,cruise,False,none
372.0,80.42839699128326,12.06693660552185,62.79598891439682,53.36244000488509,cruise,False,none
373.0,80.42091003344503,12.185044259906935,62.19523737397584,53.053841193503054,cruise,False,none
374.0,80.27705825066205,11.700086331399186,60.60193030881462,53.2389617289332,cruise,False,none
375.0,81.16382655017304,11.687523710213618,60.73728208974257,53.05708423857621,cruise,False,none
376.0,79.89741915556698,12.33140376462076,62.07263371258389,53.01774162610799,cruise,False,none
377.0,78.99823885396674,11.87629893833858,63.216994807307294,52.89787290234768,cruise,False,none
378.0,80.80212718075857,11.574947372220938,60.22200772505614,52.79171990157015,cruise,False,none
379.0,79.77115028452158,12.133143812814932,63.13382550074513,52.47122806238481,cruise,False,none
380.0,80.05394022217152,12.139010941809806,64.43391695943818,52.84492984914109,cruise,False,none
381.0,80.65477534243027,11.540785422822989,63.65154656075424,52.34237871077555,cruise,False,none
382.0,79.19887022947054,12.068844514639082,65.01834148751942,51.79778685581895,cruise,False,none
383.0,79.37417639294694,12.220674927728512,64.53055379812959,51.84459997605544,cruise,False,none
384.0,79.19936103144057,12.112315935511878,65.97971257426148,51.571765846267894,cruise,False,none
385.0,79.60293185498729,12.189594445128419,65.44108349923164,51.79812468876849,cruise,False,none
386.0,80.2198183030085,11.578719270572776,65.77497299745413,51.645088036992334,cruise,False,none
387.0,80.26209392140639,12.09931204649886,70.21020552321829,51.45055526108789,cruise,False,none
388.0,80.13813708966428,11.909214072158866,69.51725910295775,51.821216942012654,cruise,False,none
389.0,79.29361705805381,11.855162952382607,71.36362426609028,51.40361961321271,cruise,False,none
390.0,78.84494828168368,12.261166682825918,71.82661614143262,51.313834029551366,cruise,False,none
391.0,80.02717679269519,12.44378235320227,73.26848745117876,50.85719097853846,cruise,False,none
392.0,79.76411198318083,12.538311016380108,76.03558577222111,50.71836801672545,cruise,False,none
393.0,80.22969288585831,12.394442361451771,77.07007950719425,50.80034941367582,cruise,False,none
394.0,80.35097681311063,11.967079745510945,79.82048721018693,50.702381060651646,cruise,False,none
395.0,80.06912071602935,12.105816048907903,81.5835976326986,50.17130863816309,cruise,False,none
396.0,80.38006654268793,12.230046861535273,83.17893005941431,50.381300865880846,cruise,False,none
397.0,80.11460568705753,12.03635338478984,84.85475406671954,50.294968005890226,cruise,False,none
398.0,80.26503235280073,12.039229256373464,87.97544083874217,50.12391507502607,cruise,False,none
399.0,79.64766336856506,12.247125939562855,87.12730461347483,49.879058144575744,cruise,False,none
400.0,79.91019429308427,11.98221520619222,89.94506513379706,49.808620509525625,cruise,True,battery_drain
401.0,80.09838804832847,11.781213919087902,92.93779143799975,48.308620509525625,cruise,True,battery_drain
402.0,80.41026423770872,11.875658080249243,94.86686717552774,46.808620509525625,cruise,True,battery_drain
403.0,79.80312941388772,12.190173113320123,93.96208307486422,45.308620509525625,cruise,True,battery_drain
404.0,80.26058362786605,12.000897987359986,96.82956414525441,43.808620509525625,cruise,True,battery_drain
405.0,79.86708060404231,12.102062993060501,100.22706188214816,42.308620509525625,cruise,True,battery_drain
406.0,79.94122891633593,12.201023772660657,101.06556289300673,40.808620509525625,cruise,True,battery_drain
407.0,80.41475952101203,11.887547561130717,102.39560633014987,39.308620509525625,cruise,True,battery_drain
408.0,79.00346981447292,12.226874449088942,103.57289183424946,37.808620509525625,cruise,True,battery_drain
409.0,79.35176383596261,12.11365278103752,104.93774192002958,36.308620509525625,cruise,True,battery_drain
410.0,79.25890730127858,11.629556073926556,107.07516066838744,34.808620509525625,cruise,True,battery_drain
411.0,78.83319194007585,12.432691437355873,107.9284737639218,33.308620509525625,cruise,True,battery_drain
412.0,79.66086777992241,11.849776576872925,109.45516734827328,31.808620509525625,cruise,True,battery_drain
413.0,80.37471694986387,11.503471397044445,110.81115898412202,30.308620509525625,cruise,True,battery_drain
414.0,79.85755796680871,11.68648688712411,111.20261216563343,28.808620509525625,cruise,True,battery_drain
415.0,80.09889504097093,11.693686451796504,113.4701323563417,27.308620509525625,cruise,True,battery_drain
416.0,80.5446087483554,12.01565199559726,116.81516587487702,25.808620509525625,cruise,True,battery_drain
417.0,80.66384306613385,11.917844848336129,112.9893904816465,24.308620509525625,cruise,True,battery_drain
418.0,79.96543103263693,11.898950409707822,115.85587353269698,22.808620509525625,cruise,True,battery_drain
419.0,80.6767929447847,12.185910589644743,115.43523747442062,21.308620509525625,cruise,True,battery_drain
420.0,80.04606332921705,12.10196260835781,117.3331076233687,19.808620509525625,cruise,True,battery_drain
421.0,79.58130088808628,12.094814361193286,117.25845855238431,18.308620509525625,cruise,True,battery_drain
422.0,79.70279982390063,12.122948537198608,118.3256596779433,16.808620509525625,cruise,True,battery_drain
423.0,79.2597317437175,12.184840400400672,118.98729268894695,15.308620509525625,cruise,True,battery_drain
424.0,79.55593307313318,11.367613997466767,118.14921098076925,13.808620509525625,cruise,True,battery_drain
425.0,79.82099165596279,11.890668524320661,119.13238089981441,12.458170189604594,cruise,False,none
426.0,80.4017925096893,11.345936980653157,115.6001725174651,12.316286141755292,cruise,False,none
427.0,80.860384915583,12.010817978039338,119.38227615583659,12.276749549522947,cruise,False,none
428.0,79.30890924231149,11.998610108332697,117.92058192303236,12.472857227407069,cruise,False,none
429.0,80.19641373412996,12.313659682436905,118.28703308725945,11.965933699230483,cruise,False,none
430.0,79.47972803042123,12.356290317816336,115.56706586045566,11.882283465265914,cruise,False,none
431.0,80.2373485442316,12.06083251447571,115.45256232883862,11.444546164944398,cruise,False,none
432.0,79.93445667465613,11.84989167678093,115.84927558857217,11.277468261475363,cruise,False,none
433.0,79.08454708707623,12.14554833376372,115.03528112148062,11.726206957802077,cruise,False,none
434.0,80.46414849578424,11.841624708802707,114.61905968498047,11.099736431325525,cruise,False,none
435.0,79.69749964359563,11.999582204566995,114.64489713017373,10.950434891883233,cruise,False,none
436.0,79.73304988081323,12.29584089508823,110.96657564964183,11.02619524079843,cruise,False,none
437.0,79.46512379435515,11.832668596203172,112.83059204323555,10.890767861231033,cruise,False,none
438.0,79.67285836165622,12.241703591772751,110.9503286033264,10.603096361482628,cruise,False,none
439.0,80.21394522034745,12.20322041060769,109.79071995387766,10.59739433789344,cruise,False,none
440.0,79.9053778295318,11.713562454860753,107.55001509151815,10.77905544403086,cruise,False,none
441.0,80.16433100114124,12.292168238465221,108.53203594599806,10.24677289759925,cruise,False,none
442.0,80.18096092696442,12.20956990361145,104.61103839593808,10.00402844135715,cruise,False,none
443.0,80.66033082776408,12.030577766211797,106.66504879217507,10.346072981275114,cruise,False,none
444.0,79.82860692456781,11.771302962591704,103.51838426347662,10.130804958347547,cruise,False,none
445.0,79.26157109157714,11.74223819442733,104.06697323904396,9.783033170694978,cruise,False,none
446.0,80.53361120828599,11.838701226929093,102.91326769286846,9.4654948104641,cruise,False,none
447.0,79.83425591395137,12.162778338987588,103.24329896861632,9.50779486126654,cruise,False,none
448.0,80.55729622228868,11.71331244977958,100.96510061516446,9.520569964049173,cruise,False,none
449.0,80.19168855659123,12.131253674585961,99.55427192121618,9.639436588260573,cruise,False,none
450.0,79.93443123489833,11.627473341336483,98.88679558623059,9.073777094174652,cruise,False,none
451.0,80.17438794702315,11.938779424668345,99.8569244920688,9.13898083171106,cruise,False,none
452.0,80.97550628006314,12.032894326372203,98.36157662212212,9.165705058857107,cruise,False,none
453.0,81.03849026452687,12.733539043517675,96.73600684522707,8.429213977718526,cruise,False,none
454.0,80.03469056756639,11.58680530334389,96.24074974349956,8.98701599819546,cruise,False,none
455.0,80.08009529665854,12.44160436994704,94.32839673364802,8.418559969031165,cruise,False,none
456.0,80.53812007873319,12.044952724196184,95.76837147099805,8.59624050102861,cruise,False,none
457.0,79.57716948361633,12.123351575404788,93.17297072511434,8.453969351124158,cruise,False,none
458.0,80.16653518630913,12.035504374016462,95.30813457948103,8.496341318359548,cruise,False,none
459.0,79.98706857602308,12.13341804545857,94.38073530003322,8.264400235110259,cruise,False,none
460.0,80.16679533258863,12.206888666286352,101.4241168974522,7.553548579450329,cruise,True,sensor_jamming
461.0,81.97327989709305,10.203091747137547,86.78192959120476,7.746842147229906,cruise,True,sensor_jamming
462.0,77.01211341044777,11.792854282820727,13.141231771540902,7.806230341396535,cruise,True,sensor_jamming
463.0,71.83877357194616,14.008398038353665,78.32965874154516,7.6143846571666955,cruise,True,sensor_jamming
464.0,75.80394166213141,8.580574950451897,93.4700526923502,7.62369409920678,cruise,True,sensor_jamming
465.0,71.83748991755863,10.88364661958309,96.89161299662398,7.560836583254144,cruise,True,sensor_jamming
466.0,80.33455302745513,7.115476658790908,45.4206586702526,7.399444938270911,cruise,True,sensor_jamming
467.0,91.69033754565103,9.041616540620314,79.13913259809678,7.109690921338853,cruise,True,sensor_jamming
468.0,76.61534453654302,8.013373696377801,63.720648963997796,6.658069826490426,cruise,True,sensor_jamming
469.0,74.55515524326965,11.412574431474509,68.55404990388676,6.811032297808339,cruise,True,sensor_jamming
470.0,84.09259062770705,8.899062734923941,129.43317371535454,6.860193496071865,cruise,True,sensor_jamming
471.0,82.65155694710533,12.316649372251705,68.62221753666363,6.433621734798756,cruise,True,sensor_jamming
472.0,79.85781808097995,11.931212203934308,96.72860952299672,6.652757450197939,cruise,False,none
473.0,80.09266282470769,11.522161722083542,97.61476359529176,6.582972482491861,cruise,False,none
474.0,80.3095855584877,11.726136603984353,97.54209563969111,6.30145853716234,cruise,False,none
475.0,79.830370758058,12.06803581383274,96.78683324766982,5.538120487505466,cruise,False,none
476.0,80.53192576636718,12.395703959322418,100.044219065801,5.770050107090356,cruise,False,none
477.0,79.4290308869288,12.842763258368851,100.08908188662727,6.2776969302087196,cruise,False,none
478.0,80.00316953118113,11.82402447447873,99.67594772166935,5.665942858756594,cruise,False,none
479.0,81.29883686329792,12.430590046993633,100.80065419030382,5.253213091601246,cruise,False,none
480.0,80.11153987131264,12.073125744120494,100.25503564306764,5.771882532753871,cruise,False,none
481.0,80.71660725330308,11.954625705976087,101.39314386518232,5.402295492265324,cruise,False,none
482.0,80.0457600890866,12.129778335517846,102.52524152882623,5.495403790612919,cruise,False,none
483.0,80.2903885476649,12.018574945103987,104.91092958512613,5.204598746730014,cruise,False,none
484.0,79.97160840280365,12.033118717683665,103.63082500677105,5.115710157793352,cruise,False,none
485.0,79.9147962094179,11.877500051152,105.46027513959604,4.971391498958596,cruise,False,none
486.0,79.61025880163729,11.580567102060344,104.78712712453309,4.913078630664671,cruise,False,none
487.0,80.21515067947878,11.536912439243375,106.02838384428672,5.103858376856465,cruise,False,none
488.0,79.57423140540712,12.195973464984368,106.03787433593688,4.717364873201852,cruise,False,none
489.0,80.33279261815672,11.916989972974285,107.38953572995135,4.081887061305679,cruise,False,none
490.0,80.54264350222296,11.82117333010315,106.25213026707857,4.3620785467953525,cruise,False,none
491.0,80.18326570361862,12.002551688016947,105.4133833547826,4.375833716224982,cruise,False,none
492.0,79.85687563322216,12.238479675874688,105.72710362755767,4.2628690427763445,cruise,False,none
493.0,80.22698278965434,12.05410918290792,106.62058979929947,3.8117992037220674,cruise,False,none
494.0,79.84566347222679,11.80318351900771,105.86366418386197,4.004900408236296,cruise,False,none
495.0,80.46777356273257,12.367887886694685,107.39709430415347,3.832251317973679,cruise,False,none
496.0,79.08429695789243,12.47375565089449,106.30674425085533,4.035997644322158,cruise,False,none
497.0,79.83219631594068,12.148366996596856,108.84232162236188,3.2462851285432848,cruise,False,none
498.0,79.004594002438,12.292099053403227,104.33342090437624,3.1695966793776833,cruise,False,none
499.0,79.2524695848864,12.372587999044143,105.7856083662693,3.084644303830551,cruise,False,none
500.0,80.68193111490696,12.339029794921354,103.87204697649437,2.9226150023795583,cruise,False,none
501.0,80.44759249098584,12.184229753133787,103.8321434840517,2.7174466012993648,cruise,False,none
502.0,79.6402598833576,12.179504114122464,103.70093419168133,2.217706968982114,cruise,False,none
503.0,79.24874827197955,12.155898172003951,100.37801116472062,2.5580934942370135,cruise,False,none
504.0,78.51773558107918,11.670798697635886,101.99600918992923,2.593696319786389,cruise,False,none
505.0,79.72825224603368,12.210216947057877,102.63241114913889,2.2959716576100035,cruise,False,none
506.0,81.2102075061237,11.593255808662034,99.1640332727424,2.656483582281787,cruise,False,none
507.0,80.21744213573183,11.761620163462483,98.68654549418608,2.1468738269839065,cruise,False,none
508.0,79.72021385697525,12.391069520342427,98.18637886545254,2.277195794342333,cruise,False,none
509.0,80.23254010475016,12.25206604880826,95.662313863189,1.9460653847162774,cruise,False,none
510.0,79.21952082350278,12.44621948690576,95.24530717468451,1.9338540830137134,landing,False,none
511.0,78.9524619141568,11.783666224219656,93.55053095949424,1.69921225068655,landing,False,none
512.0,78.2519859275191,11.384662426268655,96.46725808261097,1.7919121851453212,landing,False,none
513.0,77.26032046060632,11.523374458856425,95.71309895348709,1.4041344476558706,landing,False,none
514.0,76.79989744286752,11.491283546475543,94.81358351182783,1.3669620381119145,landing,False,none
515.0,75.67794059064612,11.349539311531215,95.95286407349369,1.215795802088941,landing,False,none
516.0,74.9409045820877,11.531115379582067,95.2425870064098,0.9596634425982344,landing,False,none
517.0,73.36367902742394,10.947798647779866,95.29784123210047,0.9731083168734145,landing,False,none
518.0,73.25789646825021,11.02695865614762,96.4325585193247,1.2137804211927943,landing,False,none
519.0,72.72458083336257,10.489928709102202,94.48788495189214,0.5876151023989351,landing,False,none
520.0,70.52616119523047,10.786780576671571,96.87358264928974,0.6003787882534581,landing,False,none
521.0,69.66851172270451,10.51778649763996,94.42858120009758,0.6428329187214743,landing,False,none
522.0,69.88137531422754,10.157078470424757,95.16356595486073,0.49411910360120714,landing,False,none
523.0,68.2189347482255,10.1764422025835,97.74921355728257,0.14320304982100396,landing,False,none
524.0,68.11764103311194,10.057106826607232,96.95362212485841,0.0,landing,False,none
525.0,66.29558607663817,9.896481551086511,95.92387135571143,0.0,landing,False,none
526.0,66.34550031622524,10.374099001893788,94.88573714771478,0.0,landing,False,none
527.0,64.78484403199823,9.678331367846962,95.2969950565161,0.0,landing,False,none
528.0,63.94933913076247,9.499864874811967,95.89954267780169,0.0,landing,False,none
529.0,63.7037073254417,8.808966959907968,95.86379059555559,0.0,landing,False,none
530.0,61.841586671390274,9.035108580923012,95.73539643359003,0.0,landing,False,none
531.0,60.6530344576555,9.089617298505791,95.79543484913181,0.0,landing,False,none
532.0,60.00043699710942,8.827952062315546,95.61189225351087,0.0,landing,False,none
533.0,59.55200967195078,9.313388682507721,94.38428862757598,0.0,landing,False,none
534.0,57.64408675604458,8.714563611201358,95.30975662105516,0.0,landing,False,none
535.0,57.846825338966006,9.015746757941542,96.74089141720283,0.0,landing,False,none
536.0,56.359827824337195,8.51289341268702,94.45793306566488,0.0,landing,False,none
537.0,56.30424340901847,8.370718912724227,95.63671185167671,0.0,landing,False,none
538.0,53.63433052170707,8.198080166809845,95.00651343444514,0.0,landing,False,none
539.0,53.53930138211084,8.091026515935877,95.9376177926141,0.0,landing,False,none
540.0,52.19047378955149,8.470694680690238,95.43763418214917,0.0,landing,False,none
541.0,51.72171672749218,7.124341501075759,97.30366102819066,0.0,landing,False,none
542.0,51.35978800673425,7.0849295350953625,96.33285051740624,0.0,landing,False,none
543.0,50.24746533896052,7.387610548435974,94.51446419743878,0.0,landing,False,none
544.0,49.31151346271701,7.420088701659923,96.49749537482968,0.0,landing,False,none
545.0,48.459733407006595,7.487930203833698,95.05161550695392,0.0,landing,False,none
546.0,47.74214355851222,7.2879935751385805,95.24927099183846,0.0,landing,False,none
547.0,46.237305012736314,6.895962181192009,96.14008638332311,0.0,landing,False,none
548.0,46.19612144966301,7.182117602354551,95.33451994348586,0.0,landing,False,none
549.0,45.27515320991185,7.050631654653685,96.71912317953894,0.0,landing,False,none
550.0,44.23746278905277,6.661958922415177,95.0517573017026,0.0,landing,False,none
551.0,43.424334137105966,6.7607073841056025,95.20732081062462,0.0,landing,False,none
552.0,42.395400011640284,6.418872230715032,95.16989646966788,0.0,landing,False,none
553.0,42.36585125810711,6.033802282976371,95.26062861486095,0.0,landing,False,none
554.0,40.40589111672094,6.27676078203708,96.92545891876381,0.0,landing,False,none
555.0,39.39702018858552,5.9657682064365245,96.4550636568263,0.0,landing,False,none
556.0,38.27492160307974,5.79815476301511,97.53621131722807,0.0,landing,False,none
557.0,37.23667765347513,6.10480741997148,98.09391156711524,0.0,landing,False,none
558.0,36.23169669046913,4.792828249078424,94.79555033128365,0.0,landing,False,none
559.0,35.51065752315982,4.967953175918421,95.89668649054327,0.0,landing,False,none
560.0,35.02083958445487,4.902305838379824,94.65006704657256,0.0,landing,False,none
561.0,34.32445093503537,5.014617311347336,95.04866143546772,0.0,landing,False,none
562.0,33.283997995568214,4.912381594014012,95.19618485296031,0.0,landing,False,none
563.0,31.976782923082897,4.401734889937749,94.76911248907771,0.0,landing,False,none
564.0,31.910766439313356,4.423553713902257,94.77438009031758,0.0,landing,False,none
565.0,30.931504088959468,4.3260171593642776,95.68198298469574,0.0,landing,False,none
566.0,29.583097194603603,5.186665429869959,94.60954894482958,0.0,landing,False,none
567.0,28.437586871487866,4.8551293258971775,96.66839432235362,0.0,landing,False,none
568.0,28.139382499740744,4.056250455593482,94.90851382579848,0.0,landing,False,none
569.0,27.060278928574515,3.9358688331326794,98.63583633331238,0.0,landing,False,none
570.0,25.34335210062956,3.5653511603940733,95.37488291225159,0.0,landing,False,none
571.0,25.1345491978505,3.202841774908825,95.89828500513305,0.0,landing,False,none
572.0,24.400680827385504,3.605385382279691,94.53092617874995,0.0,landing,False,none
573.0,22.920939123610054,3.2062623825548817,97.53235912134363,0.0,landing,False,none
574.0,22.566831808778275,3.34533135735533,96.9457680440189,0.0,landing,False,none
575.0,20.84562246523628,2.755893301466733,96.1231832339521,0.0,landing,False,none
576.0,21.342250353376876,2.87253125801254,94.47946481443643,0.0,landing,False,none
577.0,20.39925589140612,3.01088026342231,96.03693424094061,0.0,landing,False,none
578.0,18.75014582723054,2.9413235534924853,94.70483631719874,0.0,landing,False,none
579.0,18.15925525880718,2.82187080110575,97.28862262668935,0.0,landing,False,none
580.0,15.873690702493324,2.1656510575618775,96.63546209506916,0.0,landing,False,none
581.0,15.601601450766214,2.6833720111755004,95.92170640170373,0.0,landing,False,none
582.0,15.134009416328428,2.05207132248012,93.38989169996867,0.0,landing,False,none
583.0,13.84595596119669,2.3471607451687087,94.84285138455697,0.0,landing,False,none
584.0,13.84034430873106,2.0192803071269023,96.51402849481586,0.0,landing,False,none
585.0,13.582917928295341,1.474724199714819,97.03915105493914,0.0,landing,False,none
586.0,11.097085898712319,1.6579496773896885,96.93543717470813,0.0,landing,False,none
587.0,10.367785151889986,1.7275866507090183,94.23425436097453,0.0,landing,False,none
588.0,10.005364633593175,1.667035681558111,96.1278196700289,0.0,landing,False,none
589.0,9.794322119193632,1.3060182375082472,96.84178257969891,0.0,landing,False,none
590.0,7.478700484179481,1.6730168132477319,94.16793179763374,0.0,landing,False,none
591.0,7.31552929710853,1.3809049166892269,95.81836284784275,0.0,landing,False,none
592.0,7.2027842568672265,0.866823989799175,96.10010976152445,0.0,landing,False,none
593.0,4.567378852876665,1.0340253076860273,95.52550277836926,0.0,landing,False,none
594.0,3.8538474190489946,1.2542953489272433,93.97410550781478,0.0,landing,False,none
595.0,3.3837023147471177,1.1274712229315367,95.50056925314226,0.0,landing,False,none
596.0,2.4363350070554435,0.03609441777572281,95.49896193296097,0.0,landing,False,none
597.0,2.2040534528655837,0.0,95.67819495866824,0.0,landing,False,none
598.0,1.0197062644048067,0.580307096694312,95.26279593779093,0.0,landing,False,none
599.0,-0.8874810298210641,0.0,95.38325520997452,0.0,landing,False,none
